--------------------------------------------------------
--  Datei erstellt -Mittwoch-November-22-2017   
--------------------------------------------------------
--------------------------------------------------------
--  DDL for Table LOG
--------------------------------------------------------

  CREATE TABLE "ADMIN"."LOG" 
   (	"MESSAGE" VARCHAR2(255 BYTE), 
	"TIME" DATE
   ) SEGMENT CREATION DEFERRED 
  PCTFREE 10 PCTUSED 40 INITRANS 1 MAXTRANS 255 NOCOMPRESS LOGGING
  TABLESPACE "USERS" ;
--------------------------------------------------------
--  DDL for Table BELONGSTO
--------------------------------------------------------

  CREATE TABLE "ADMIN"."BELONGSTO" 
   (	"USER_ID" NUMBER(*,0), 
	"TEACHER_ID" NUMBER(*,0), 
	"CLASS" VARCHAR2(10 BYTE)
   ) SEGMENT CREATION DEFERRED 
  PCTFREE 10 PCTUSED 40 INITRANS 1 MAXTRANS 255 NOCOMPRESS LOGGING
  TABLESPACE "USERS" ;
--------------------------------------------------------
--  DDL for Table OWNSPHRASE
--------------------------------------------------------

  CREATE TABLE "ADMIN"."OWNSPHRASE" 
   (	"ID" NUMBER(*,0), 
	"USER_ID" NUMBER(*,0), 
	"PHRASE_ID" NUMBER(*,0), 
	"LASTREVISED" DATE, 
	"ACCURACY" FLOAT(126)
   ) SEGMENT CREATION IMMEDIATE 
  PCTFREE 10 PCTUSED 40 INITRANS 1 MAXTRANS 255 NOCOMPRESS LOGGING
  STORAGE(INITIAL 65536 NEXT 1048576 MINEXTENTS 1 MAXEXTENTS 2147483645
  PCTINCREASE 0 FREELISTS 1 FREELIST GROUPS 1 BUFFER_POOL DEFAULT FLASH_CACHE DEFAULT CELL_FLASH_CACHE DEFAULT)
  TABLESPACE "USERS" ;
--------------------------------------------------------
--  DDL for Table OWNSWORD
--------------------------------------------------------

  CREATE TABLE "ADMIN"."OWNSWORD" 
   (	"ID" NUMBER(*,0), 
	"USER_ID" NUMBER(*,0), 
	"WORD_ID" NUMBER(*,0), 
	"LASTREVISED" DATE, 
	"ACCURACY" FLOAT(126)
   ) SEGMENT CREATION IMMEDIATE 
  PCTFREE 10 PCTUSED 40 INITRANS 1 MAXTRANS 255 NOCOMPRESS LOGGING
  STORAGE(INITIAL 65536 NEXT 1048576 MINEXTENTS 1 MAXEXTENTS 2147483645
  PCTINCREASE 0 FREELISTS 1 FREELIST GROUPS 1 BUFFER_POOL DEFAULT FLASH_CACHE DEFAULT CELL_FLASH_CACHE DEFAULT)
  TABLESPACE "USERS" ;
--------------------------------------------------------
--  DDL for Table PHRASEBELONGS
--------------------------------------------------------

  CREATE TABLE "ADMIN"."PHRASEBELONGS" 
   (	"PHRASE_ID" NUMBER(*,0), 
	"UNIT_ID" NUMBER(*,0)
   ) SEGMENT CREATION IMMEDIATE 
  PCTFREE 10 PCTUSED 40 INITRANS 1 MAXTRANS 255 NOCOMPRESS LOGGING
  STORAGE(INITIAL 65536 NEXT 1048576 MINEXTENTS 1 MAXEXTENTS 2147483645
  PCTINCREASE 0 FREELISTS 1 FREELIST GROUPS 1 BUFFER_POOL DEFAULT FLASH_CACHE DEFAULT CELL_FLASH_CACHE DEFAULT)
  TABLESPACE "USERS" ;
--------------------------------------------------------
--  DDL for Table PHRASES
--------------------------------------------------------

  CREATE TABLE "ADMIN"."PHRASES" 
   (	"PHRASE_ID" NUMBER(*,0), 
	"TGERMAN" VARCHAR2(40 BYTE), 
	"TENGLISH" VARCHAR2(40 BYTE), 
	"WORD_ID" NUMBER(*,0)
   ) SEGMENT CREATION IMMEDIATE 
  PCTFREE 10 PCTUSED 40 INITRANS 1 MAXTRANS 255 NOCOMPRESS LOGGING
  STORAGE(INITIAL 65536 NEXT 1048576 MINEXTENTS 1 MAXEXTENTS 2147483645
  PCTINCREASE 0 FREELISTS 1 FREELIST GROUPS 1 BUFFER_POOL DEFAULT FLASH_CACHE DEFAULT CELL_FLASH_CACHE DEFAULT)
  TABLESPACE "USERS" ;
--------------------------------------------------------
--  DDL for Table REQUESTS
--------------------------------------------------------

  CREATE TABLE "ADMIN"."REQUESTS" 
   (	"REQ_ID" NUMBER(*,0), 
	"REQ_DATE" DATE, 
	"EDIT_DATE" DATE, 
	"STATUS" VARCHAR2(20 BYTE), 
	"USER_ID" NUMBER(*,0)
   ) SEGMENT CREATION DEFERRED 
  PCTFREE 10 PCTUSED 40 INITRANS 1 MAXTRANS 255 NOCOMPRESS LOGGING
  TABLESPACE "USERS" ;
--------------------------------------------------------
--  DDL for Table UNITS
--------------------------------------------------------

  CREATE TABLE "ADMIN"."UNITS" 
   (	"UNIT_ID" NUMBER(*,0), 
	"DESCRIPTION" VARCHAR2(80 BYTE), 
	"CREATOR" NUMBER(*,0)
   ) SEGMENT CREATION IMMEDIATE 
  PCTFREE 10 PCTUSED 40 INITRANS 1 MAXTRANS 255 NOCOMPRESS LOGGING
  STORAGE(INITIAL 65536 NEXT 1048576 MINEXTENTS 1 MAXEXTENTS 2147483645
  PCTINCREASE 0 FREELISTS 1 FREELIST GROUPS 1 BUFFER_POOL DEFAULT FLASH_CACHE DEFAULT CELL_FLASH_CACHE DEFAULT)
  TABLESPACE "USERS" ;
--------------------------------------------------------
--  DDL for Table USERS
--------------------------------------------------------

  CREATE TABLE "ADMIN"."USERS" 
   (	"USER_ID" NUMBER(*,0), 
	"USERNAME" VARCHAR2(30 BYTE), 
	"PASSWORD" VARCHAR2(15 BYTE), 
	"ROLE" NUMBER(*,0)
   ) SEGMENT CREATION IMMEDIATE 
  PCTFREE 10 PCTUSED 40 INITRANS 1 MAXTRANS 255 NOCOMPRESS LOGGING
  STORAGE(INITIAL 65536 NEXT 1048576 MINEXTENTS 1 MAXEXTENTS 2147483645
  PCTINCREASE 0 FREELISTS 1 FREELIST GROUPS 1 BUFFER_POOL DEFAULT FLASH_CACHE DEFAULT CELL_FLASH_CACHE DEFAULT)
  TABLESPACE "USERS" ;
--------------------------------------------------------
--  DDL for Table WORDBELONGS
--------------------------------------------------------

  CREATE TABLE "ADMIN"."WORDBELONGS" 
   (	"WORD_ID" NUMBER(*,0), 
	"UNIT_ID" NUMBER(*,0)
   ) SEGMENT CREATION IMMEDIATE 
  PCTFREE 10 PCTUSED 40 INITRANS 1 MAXTRANS 255 NOCOMPRESS LOGGING
  STORAGE(INITIAL 65536 NEXT 1048576 MINEXTENTS 1 MAXEXTENTS 2147483645
  PCTINCREASE 0 FREELISTS 1 FREELIST GROUPS 1 BUFFER_POOL DEFAULT FLASH_CACHE DEFAULT CELL_FLASH_CACHE DEFAULT)
  TABLESPACE "USERS" ;
--------------------------------------------------------
--  DDL for Table WORDS
--------------------------------------------------------

  CREATE TABLE "ADMIN"."WORDS" 
   (	"WORD_ID" NUMBER(*,0), 
	"TGERMAN" VARCHAR2(40 BYTE), 
	"TENGLISH" VARCHAR2(40 BYTE), 
	"VARIETY" VARCHAR2(10 BYTE), 
	"POS" VARCHAR2(10 BYTE), 
	"USAGE" VARCHAR2(40 BYTE)
   ) SEGMENT CREATION IMMEDIATE 
  PCTFREE 10 PCTUSED 40 INITRANS 1 MAXTRANS 255 NOCOMPRESS LOGGING
  STORAGE(INITIAL 65536 NEXT 1048576 MINEXTENTS 1 MAXEXTENTS 2147483645
  PCTINCREASE 0 FREELISTS 1 FREELIST GROUPS 1 BUFFER_POOL DEFAULT FLASH_CACHE DEFAULT CELL_FLASH_CACHE DEFAULT)
  TABLESPACE "USERS" ;
REM INSERTING into ADMIN.LOG
SET DEFINE OFF;
REM INSERTING into ADMIN.BELONGSTO
SET DEFINE OFF;
REM INSERTING into ADMIN.OWNSPHRASE
SET DEFINE OFF;
Insert into ADMIN.OWNSPHRASE (ID,USER_ID,PHRASE_ID,LASTREVISED,ACCURACY) values ('2','2','1',to_date('22.11.17','DD.MM.RR'),'0');
Insert into ADMIN.OWNSPHRASE (ID,USER_ID,PHRASE_ID,LASTREVISED,ACCURACY) values ('3','2','2',to_date('22.11.17','DD.MM.RR'),'0');
REM INSERTING into ADMIN.OWNSWORD
SET DEFINE OFF;
Insert into ADMIN.OWNSWORD (ID,USER_ID,WORD_ID,LASTREVISED,ACCURACY) values ('1','1','1',to_date('22.11.17','DD.MM.RR'),'0');
Insert into ADMIN.OWNSWORD (ID,USER_ID,WORD_ID,LASTREVISED,ACCURACY) values ('2','1','2',to_date('22.11.17','DD.MM.RR'),'0');
Insert into ADMIN.OWNSWORD (ID,USER_ID,WORD_ID,LASTREVISED,ACCURACY) values ('3','1','3',to_date('22.11.17','DD.MM.RR'),'0');
Insert into ADMIN.OWNSWORD (ID,USER_ID,WORD_ID,LASTREVISED,ACCURACY) values ('4','1','4',to_date('22.11.17','DD.MM.RR'),'0');
Insert into ADMIN.OWNSWORD (ID,USER_ID,WORD_ID,LASTREVISED,ACCURACY) values ('5','1','5',to_date('22.11.17','DD.MM.RR'),'0');
Insert into ADMIN.OWNSWORD (ID,USER_ID,WORD_ID,LASTREVISED,ACCURACY) values ('6','2','6',to_date('22.11.17','DD.MM.RR'),'0');
Insert into ADMIN.OWNSWORD (ID,USER_ID,WORD_ID,LASTREVISED,ACCURACY) values ('7','2','7',to_date('22.11.17','DD.MM.RR'),'0');
Insert into ADMIN.OWNSWORD (ID,USER_ID,WORD_ID,LASTREVISED,ACCURACY) values ('8','2','8',to_date('22.11.17','DD.MM.RR'),'0');
Insert into ADMIN.OWNSWORD (ID,USER_ID,WORD_ID,LASTREVISED,ACCURACY) values ('9','2','9',to_date('22.11.17','DD.MM.RR'),'0');
Insert into ADMIN.OWNSWORD (ID,USER_ID,WORD_ID,LASTREVISED,ACCURACY) values ('10','3','10',to_date('22.11.17','DD.MM.RR'),'0');
Insert into ADMIN.OWNSWORD (ID,USER_ID,WORD_ID,LASTREVISED,ACCURACY) values ('11','3','11',to_date('22.11.17','DD.MM.RR'),'0');
Insert into ADMIN.OWNSWORD (ID,USER_ID,WORD_ID,LASTREVISED,ACCURACY) values ('12','3','12',to_date('22.11.17','DD.MM.RR'),'0');
Insert into ADMIN.OWNSWORD (ID,USER_ID,WORD_ID,LASTREVISED,ACCURACY) values ('13','3','13',to_date('22.11.17','DD.MM.RR'),'0');
REM INSERTING into ADMIN.PHRASEBELONGS
SET DEFINE OFF;
Insert into ADMIN.PHRASEBELONGS (PHRASE_ID,UNIT_ID) values ('2','1');
Insert into ADMIN.PHRASEBELONGS (PHRASE_ID,UNIT_ID) values ('2','2');
REM INSERTING into ADMIN.PHRASES
SET DEFINE OFF;
Insert into ADMIN.PHRASES (PHRASE_ID,TGERMAN,TENGLISH,WORD_ID) values ('1','I agree with you.','Ich stimme dir zu.',null);
Insert into ADMIN.PHRASES (PHRASE_ID,TGERMAN,TENGLISH,WORD_ID) values ('2','It is a proven fact that','Es ist eine bewiesene Tatsache, dass','6');
REM INSERTING into ADMIN.REQUESTS
SET DEFINE OFF;
REM INSERTING into ADMIN.UNITS
SET DEFINE OFF;
Insert into ADMIN.UNITS (UNIT_ID,DESCRIPTION,CREATOR) values ('1','Agreeing','3');
Insert into ADMIN.UNITS (UNIT_ID,DESCRIPTION,CREATOR) values ('2','Animals','3');
REM INSERTING into ADMIN.USERS
SET DEFINE OFF;
Insert into ADMIN.USERS (USER_ID,USERNAME,PASSWORD,ROLE) values ('1','Herbot','herbot','0');
Insert into ADMIN.USERS (USER_ID,USERNAME,PASSWORD,ROLE) values ('2','Sunny','sunny','0');
Insert into ADMIN.USERS (USER_ID,USERNAME,PASSWORD,ROLE) values ('3','Pascal','pascal','0');
Insert into ADMIN.USERS (USER_ID,USERNAME,PASSWORD,ROLE) values ('4','Marco','pascal','0');
REM INSERTING into ADMIN.WORDBELONGS
SET DEFINE OFF;
Insert into ADMIN.WORDBELONGS (WORD_ID,UNIT_ID) values ('1','1');
Insert into ADMIN.WORDBELONGS (WORD_ID,UNIT_ID) values ('2','1');
Insert into ADMIN.WORDBELONGS (WORD_ID,UNIT_ID) values ('3','1');
REM INSERTING into ADMIN.WORDS
SET DEFINE OFF;
Insert into ADMIN.WORDS (WORD_ID,TGERMAN,TENGLISH,VARIETY,POS,USAGE) values ('1','Dog','Hund',null,'Noun','common');
Insert into ADMIN.WORDS (WORD_ID,TGERMAN,TENGLISH,VARIETY,POS,USAGE) values ('2','Cat','Katze',null,'Noun','common');
Insert into ADMIN.WORDS (WORD_ID,TGERMAN,TENGLISH,VARIETY,POS,USAGE) values ('3','Bird','Vogel',null,'Noun','common');
Insert into ADMIN.WORDS (WORD_ID,TGERMAN,TENGLISH,VARIETY,POS,USAGE) values ('4','proof','Beweis',null,'Noun','common');
Insert into ADMIN.WORDS (WORD_ID,TGERMAN,TENGLISH,VARIETY,POS,USAGE) values ('5','House','Haus',null,'Noun','common');
Insert into ADMIN.WORDS (WORD_ID,TGERMAN,TENGLISH,VARIETY,POS,USAGE) values ('6','People','Leute, Menschen',null,'Noun (P)','common');
Insert into ADMIN.WORDS (WORD_ID,TGERMAN,TENGLISH,VARIETY,POS,USAGE) values ('7','proven','bewiesen',null,'Adjective','common');
Insert into ADMIN.WORDS (WORD_ID,TGERMAN,TENGLISH,VARIETY,POS,USAGE) values ('8','pretty','hübsch',null,'Adjective','common');
Insert into ADMIN.WORDS (WORD_ID,TGERMAN,TENGLISH,VARIETY,POS,USAGE) values ('9','delightful','entzückend',null,'Adjective','common');
Insert into ADMIN.WORDS (WORD_ID,TGERMAN,TENGLISH,VARIETY,POS,USAGE) values ('10','pretty','ziemlich',null,'Adverb','common');
Insert into ADMIN.WORDS (WORD_ID,TGERMAN,TENGLISH,VARIETY,POS,USAGE) values ('11','prove','beweisen',null,'Verb','common');
Insert into ADMIN.WORDS (WORD_ID,TGERMAN,TENGLISH,VARIETY,POS,USAGE) values ('12','know','wissen',null,'Verb','common');
Insert into ADMIN.WORDS (WORD_ID,TGERMAN,TENGLISH,VARIETY,POS,USAGE) values ('13','start','starten',null,'Verb','common');
Insert into ADMIN.WORDS (WORD_ID,TGERMAN,TENGLISH,VARIETY,POS,USAGE) values ('14','stop','stoppen',null,'Verb','common');
--------------------------------------------------------
--  DDL for Index PK_BELONGSTO
--------------------------------------------------------

  CREATE UNIQUE INDEX "ADMIN"."PK_BELONGSTO" ON "ADMIN"."BELONGSTO" ("USER_ID", "TEACHER_ID") 
  PCTFREE 10 INITRANS 2 MAXTRANS 255 NOCOMPRESS LOGGING
  TABLESPACE "USERS" ;
--------------------------------------------------------
--  DDL for Index PK_OWNSPHRASE
--------------------------------------------------------

  CREATE UNIQUE INDEX "ADMIN"."PK_OWNSPHRASE" ON "ADMIN"."OWNSPHRASE" ("ID") 
  PCTFREE 10 INITRANS 2 MAXTRANS 255 
  STORAGE(INITIAL 65536 NEXT 1048576 MINEXTENTS 1 MAXEXTENTS 2147483645
  PCTINCREASE 0 FREELISTS 1 FREELIST GROUPS 1 BUFFER_POOL DEFAULT FLASH_CACHE DEFAULT CELL_FLASH_CACHE DEFAULT)
  TABLESPACE "USERS" ;
--------------------------------------------------------
--  DDL for Index PK_OWNSWORD
--------------------------------------------------------

  CREATE UNIQUE INDEX "ADMIN"."PK_OWNSWORD" ON "ADMIN"."OWNSWORD" ("ID") 
  PCTFREE 10 INITRANS 2 MAXTRANS 255 
  STORAGE(INITIAL 65536 NEXT 1048576 MINEXTENTS 1 MAXEXTENTS 2147483645
  PCTINCREASE 0 FREELISTS 1 FREELIST GROUPS 1 BUFFER_POOL DEFAULT FLASH_CACHE DEFAULT CELL_FLASH_CACHE DEFAULT)
  TABLESPACE "USERS" ;
--------------------------------------------------------
--  DDL for Index PK_PHRASEBELONGS
--------------------------------------------------------

  CREATE UNIQUE INDEX "ADMIN"."PK_PHRASEBELONGS" ON "ADMIN"."PHRASEBELONGS" ("PHRASE_ID", "UNIT_ID") 
  PCTFREE 10 INITRANS 2 MAXTRANS 255 
  STORAGE(INITIAL 65536 NEXT 1048576 MINEXTENTS 1 MAXEXTENTS 2147483645
  PCTINCREASE 0 FREELISTS 1 FREELIST GROUPS 1 BUFFER_POOL DEFAULT FLASH_CACHE DEFAULT CELL_FLASH_CACHE DEFAULT)
  TABLESPACE "USERS" ;
--------------------------------------------------------
--  DDL for Index PK_PHRASES
--------------------------------------------------------

  CREATE UNIQUE INDEX "ADMIN"."PK_PHRASES" ON "ADMIN"."PHRASES" ("PHRASE_ID") 
  PCTFREE 10 INITRANS 2 MAXTRANS 255 
  STORAGE(INITIAL 65536 NEXT 1048576 MINEXTENTS 1 MAXEXTENTS 2147483645
  PCTINCREASE 0 FREELISTS 1 FREELIST GROUPS 1 BUFFER_POOL DEFAULT FLASH_CACHE DEFAULT CELL_FLASH_CACHE DEFAULT)
  TABLESPACE "USERS" ;
--------------------------------------------------------
--  DDL for Index PK_REQUESTS
--------------------------------------------------------

  CREATE UNIQUE INDEX "ADMIN"."PK_REQUESTS" ON "ADMIN"."REQUESTS" ("REQ_ID") 
  PCTFREE 10 INITRANS 2 MAXTRANS 255 NOCOMPRESS LOGGING
  TABLESPACE "USERS" ;
--------------------------------------------------------
--  DDL for Index PK_UNITS
--------------------------------------------------------

  CREATE UNIQUE INDEX "ADMIN"."PK_UNITS" ON "ADMIN"."UNITS" ("UNIT_ID") 
  PCTFREE 10 INITRANS 2 MAXTRANS 255 
  STORAGE(INITIAL 65536 NEXT 1048576 MINEXTENTS 1 MAXEXTENTS 2147483645
  PCTINCREASE 0 FREELISTS 1 FREELIST GROUPS 1 BUFFER_POOL DEFAULT FLASH_CACHE DEFAULT CELL_FLASH_CACHE DEFAULT)
  TABLESPACE "USERS" ;
--------------------------------------------------------
--  DDL for Index PK_USERS
--------------------------------------------------------

  CREATE UNIQUE INDEX "ADMIN"."PK_USERS" ON "ADMIN"."USERS" ("USER_ID") 
  PCTFREE 10 INITRANS 2 MAXTRANS 255 
  STORAGE(INITIAL 65536 NEXT 1048576 MINEXTENTS 1 MAXEXTENTS 2147483645
  PCTINCREASE 0 FREELISTS 1 FREELIST GROUPS 1 BUFFER_POOL DEFAULT FLASH_CACHE DEFAULT CELL_FLASH_CACHE DEFAULT)
  TABLESPACE "USERS" ;
--------------------------------------------------------
--  DDL for Index PK_WORDBELONGS
--------------------------------------------------------

  CREATE UNIQUE INDEX "ADMIN"."PK_WORDBELONGS" ON "ADMIN"."WORDBELONGS" ("WORD_ID", "UNIT_ID") 
  PCTFREE 10 INITRANS 2 MAXTRANS 255 
  STORAGE(INITIAL 65536 NEXT 1048576 MINEXTENTS 1 MAXEXTENTS 2147483645
  PCTINCREASE 0 FREELISTS 1 FREELIST GROUPS 1 BUFFER_POOL DEFAULT FLASH_CACHE DEFAULT CELL_FLASH_CACHE DEFAULT)
  TABLESPACE "USERS" ;
--------------------------------------------------------
--  DDL for Index PK_WORDS
--------------------------------------------------------

  CREATE UNIQUE INDEX "ADMIN"."PK_WORDS" ON "ADMIN"."WORDS" ("WORD_ID") 
  PCTFREE 10 INITRANS 2 MAXTRANS 255 
  STORAGE(INITIAL 65536 NEXT 1048576 MINEXTENTS 1 MAXEXTENTS 2147483645
  PCTINCREASE 0 FREELISTS 1 FREELIST GROUPS 1 BUFFER_POOL DEFAULT FLASH_CACHE DEFAULT CELL_FLASH_CACHE DEFAULT)
  TABLESPACE "USERS" ;
--------------------------------------------------------
--  Constraints for Table BELONGSTO
--------------------------------------------------------

  ALTER TABLE "ADMIN"."BELONGSTO" ADD CONSTRAINT "PK_BELONGSTO" PRIMARY KEY ("USER_ID", "TEACHER_ID")
  USING INDEX PCTFREE 10 INITRANS 2 MAXTRANS 255 NOCOMPRESS LOGGING
  TABLESPACE "USERS"  ENABLE;
--------------------------------------------------------
--  Constraints for Table OWNSPHRASE
--------------------------------------------------------

  ALTER TABLE "ADMIN"."OWNSPHRASE" ADD CONSTRAINT "PK_OWNSPHRASE" PRIMARY KEY ("ID")
  USING INDEX PCTFREE 10 INITRANS 2 MAXTRANS 255 
  STORAGE(INITIAL 65536 NEXT 1048576 MINEXTENTS 1 MAXEXTENTS 2147483645
  PCTINCREASE 0 FREELISTS 1 FREELIST GROUPS 1 BUFFER_POOL DEFAULT FLASH_CACHE DEFAULT CELL_FLASH_CACHE DEFAULT)
  TABLESPACE "USERS"  ENABLE;
--------------------------------------------------------
--  Constraints for Table OWNSWORD
--------------------------------------------------------

  ALTER TABLE "ADMIN"."OWNSWORD" ADD CONSTRAINT "PK_OWNSWORD" PRIMARY KEY ("ID")
  USING INDEX PCTFREE 10 INITRANS 2 MAXTRANS 255 
  STORAGE(INITIAL 65536 NEXT 1048576 MINEXTENTS 1 MAXEXTENTS 2147483645
  PCTINCREASE 0 FREELISTS 1 FREELIST GROUPS 1 BUFFER_POOL DEFAULT FLASH_CACHE DEFAULT CELL_FLASH_CACHE DEFAULT)
  TABLESPACE "USERS"  ENABLE;
--------------------------------------------------------
--  Constraints for Table PHRASEBELONGS
--------------------------------------------------------

  ALTER TABLE "ADMIN"."PHRASEBELONGS" ADD CONSTRAINT "PK_PHRASEBELONGS" PRIMARY KEY ("PHRASE_ID", "UNIT_ID")
  USING INDEX PCTFREE 10 INITRANS 2 MAXTRANS 255 
  STORAGE(INITIAL 65536 NEXT 1048576 MINEXTENTS 1 MAXEXTENTS 2147483645
  PCTINCREASE 0 FREELISTS 1 FREELIST GROUPS 1 BUFFER_POOL DEFAULT FLASH_CACHE DEFAULT CELL_FLASH_CACHE DEFAULT)
  TABLESPACE "USERS"  ENABLE;
--------------------------------------------------------
--  Constraints for Table PHRASES
--------------------------------------------------------

  ALTER TABLE "ADMIN"."PHRASES" ADD CONSTRAINT "PK_PHRASES" PRIMARY KEY ("PHRASE_ID")
  USING INDEX PCTFREE 10 INITRANS 2 MAXTRANS 255 
  STORAGE(INITIAL 65536 NEXT 1048576 MINEXTENTS 1 MAXEXTENTS 2147483645
  PCTINCREASE 0 FREELISTS 1 FREELIST GROUPS 1 BUFFER_POOL DEFAULT FLASH_CACHE DEFAULT CELL_FLASH_CACHE DEFAULT)
  TABLESPACE "USERS"  ENABLE;
--------------------------------------------------------
--  Constraints for Table REQUESTS
--------------------------------------------------------

  ALTER TABLE "ADMIN"."REQUESTS" ADD CONSTRAINT "PK_REQUESTS" PRIMARY KEY ("REQ_ID")
  USING INDEX PCTFREE 10 INITRANS 2 MAXTRANS 255 NOCOMPRESS LOGGING
  TABLESPACE "USERS"  ENABLE;
--------------------------------------------------------
--  Constraints for Table UNITS
--------------------------------------------------------

  ALTER TABLE "ADMIN"."UNITS" ADD CONSTRAINT "PK_UNITS" PRIMARY KEY ("UNIT_ID")
  USING INDEX PCTFREE 10 INITRANS 2 MAXTRANS 255 
  STORAGE(INITIAL 65536 NEXT 1048576 MINEXTENTS 1 MAXEXTENTS 2147483645
  PCTINCREASE 0 FREELISTS 1 FREELIST GROUPS 1 BUFFER_POOL DEFAULT FLASH_CACHE DEFAULT CELL_FLASH_CACHE DEFAULT)
  TABLESPACE "USERS"  ENABLE;
--------------------------------------------------------
--  Constraints for Table USERS
--------------------------------------------------------

  ALTER TABLE "ADMIN"."USERS" ADD CONSTRAINT "PK_USERS" PRIMARY KEY ("USER_ID")
  USING INDEX PCTFREE 10 INITRANS 2 MAXTRANS 255 
  STORAGE(INITIAL 65536 NEXT 1048576 MINEXTENTS 1 MAXEXTENTS 2147483645
  PCTINCREASE 0 FREELISTS 1 FREELIST GROUPS 1 BUFFER_POOL DEFAULT FLASH_CACHE DEFAULT CELL_FLASH_CACHE DEFAULT)
  TABLESPACE "USERS"  ENABLE;
--------------------------------------------------------
--  Constraints for Table WORDBELONGS
--------------------------------------------------------

  ALTER TABLE "ADMIN"."WORDBELONGS" ADD CONSTRAINT "PK_WORDBELONGS" PRIMARY KEY ("WORD_ID", "UNIT_ID")
  USING INDEX PCTFREE 10 INITRANS 2 MAXTRANS 255 
  STORAGE(INITIAL 65536 NEXT 1048576 MINEXTENTS 1 MAXEXTENTS 2147483645
  PCTINCREASE 0 FREELISTS 1 FREELIST GROUPS 1 BUFFER_POOL DEFAULT FLASH_CACHE DEFAULT CELL_FLASH_CACHE DEFAULT)
  TABLESPACE "USERS"  ENABLE;
--------------------------------------------------------
--  Constraints for Table WORDS
--------------------------------------------------------

  ALTER TABLE "ADMIN"."WORDS" ADD CONSTRAINT "PK_WORDS" PRIMARY KEY ("WORD_ID")
  USING INDEX PCTFREE 10 INITRANS 2 MAXTRANS 255 
  STORAGE(INITIAL 65536 NEXT 1048576 MINEXTENTS 1 MAXEXTENTS 2147483645
  PCTINCREASE 0 FREELISTS 1 FREELIST GROUPS 1 BUFFER_POOL DEFAULT FLASH_CACHE DEFAULT CELL_FLASH_CACHE DEFAULT)
  TABLESPACE "USERS"  ENABLE;
--------------------------------------------------------
--  Ref Constraints for Table BELONGSTO
--------------------------------------------------------

  ALTER TABLE "ADMIN"."BELONGSTO" ADD CONSTRAINT "FK_BELONGSTOTEACHER" FOREIGN KEY ("TEACHER_ID")
	  REFERENCES "ADMIN"."USERS" ("USER_ID") ENABLE;
 
  ALTER TABLE "ADMIN"."BELONGSTO" ADD CONSTRAINT "FK_BELONGSTOUSER" FOREIGN KEY ("USER_ID")
	  REFERENCES "ADMIN"."USERS" ("USER_ID") ENABLE;
--------------------------------------------------------
--  Ref Constraints for Table OWNSPHRASE
--------------------------------------------------------

  ALTER TABLE "ADMIN"."OWNSPHRASE" ADD CONSTRAINT "FK_OWNSPHRASEPHRASE" FOREIGN KEY ("PHRASE_ID")
	  REFERENCES "ADMIN"."PHRASES" ("PHRASE_ID") ENABLE;
 
  ALTER TABLE "ADMIN"."OWNSPHRASE" ADD CONSTRAINT "FK_OWNSPHRASEUSER" FOREIGN KEY ("USER_ID")
	  REFERENCES "ADMIN"."USERS" ("USER_ID") ENABLE;
--------------------------------------------------------
--  Ref Constraints for Table OWNSWORD
--------------------------------------------------------

  ALTER TABLE "ADMIN"."OWNSWORD" ADD CONSTRAINT "FK_OWNSWORDUSER" FOREIGN KEY ("USER_ID")
	  REFERENCES "ADMIN"."USERS" ("USER_ID") ENABLE;
 
  ALTER TABLE "ADMIN"."OWNSWORD" ADD CONSTRAINT "FK_OWNSWORDWORD" FOREIGN KEY ("WORD_ID")
	  REFERENCES "ADMIN"."WORDS" ("WORD_ID") ENABLE;
--------------------------------------------------------
--  Ref Constraints for Table PHRASEBELONGS
--------------------------------------------------------

  ALTER TABLE "ADMIN"."PHRASEBELONGS" ADD CONSTRAINT "FK_PHRASEBELONGSPHRASE" FOREIGN KEY ("PHRASE_ID")
	  REFERENCES "ADMIN"."PHRASES" ("PHRASE_ID") ENABLE;
 
  ALTER TABLE "ADMIN"."PHRASEBELONGS" ADD CONSTRAINT "FK_PHRASEBELONGSUNIT" FOREIGN KEY ("UNIT_ID")
	  REFERENCES "ADMIN"."UNITS" ("UNIT_ID") ENABLE;
--------------------------------------------------------
--  Ref Constraints for Table PHRASES
--------------------------------------------------------

  ALTER TABLE "ADMIN"."PHRASES" ADD CONSTRAINT "FK_PHRASESWORD" FOREIGN KEY ("WORD_ID")
	  REFERENCES "ADMIN"."WORDS" ("WORD_ID") ENABLE;
--------------------------------------------------------
--  Ref Constraints for Table REQUESTS
--------------------------------------------------------

  ALTER TABLE "ADMIN"."REQUESTS" ADD CONSTRAINT "FK_REQUESTS" FOREIGN KEY ("USER_ID")
	  REFERENCES "ADMIN"."USERS" ("USER_ID") ENABLE;
--------------------------------------------------------
--  Ref Constraints for Table UNITS
--------------------------------------------------------

  ALTER TABLE "ADMIN"."UNITS" ADD CONSTRAINT "FK_UNITS" FOREIGN KEY ("CREATOR")
	  REFERENCES "ADMIN"."USERS" ("USER_ID") ENABLE;
--------------------------------------------------------
--  Ref Constraints for Table WORDBELONGS
--------------------------------------------------------

  ALTER TABLE "ADMIN"."WORDBELONGS" ADD CONSTRAINT "FK_WORDBELONGSUNIT" FOREIGN KEY ("UNIT_ID")
	  REFERENCES "ADMIN"."UNITS" ("UNIT_ID") ENABLE;
 
  ALTER TABLE "ADMIN"."WORDBELONGS" ADD CONSTRAINT "FK_WORDBELONGSWORD" FOREIGN KEY ("WORD_ID")
	  REFERENCES "ADMIN"."WORDS" ("WORD_ID") ENABLE;
